1KB,testUsr1,Blank,1kB,expense,0,Lafh Upload.xls,lafha,1,5
2KB,testUsr2,Blank,1kB,lafha,,,,,
3KB,testUsr3,Blank,1kB,lafha,,,,,
4KB,testUsr4,Blank,1kB,lafha,,,,,
5KB,testUsr5,Blank,1kB,lafha,,,,,
6KB,testUsr6,Blank,1kB,lafha,,,,,
7KB,testUsr7,Blank,1kB,lafha,,,,,
8KB,testUsr8,Blank,1kB,lafha,,,,,
9KB,testUsr9,Blank,1kB,lafha,,,,,
10B,testUsr10,Blank,1kB,lafha,,,,,
1KB,testUsr11,Blank,1kB,lafha,,,,,
2KB,testUsr12,Blank,1kB,lafha,,,,,
3KB,testUsr13,Blank,1kB,lafha,,,,,
4KB,testUsr14,Blank,1kB,lafha,,,,,
5KB,testUsr15,Blank,1kB,lafha,,,,,
6KB,testUsr16,Blank,1kB,lafha,,,,,
7KB,testUsr17,Blank,1kB,lafha,,,,,
8KB,testUsr18,Blank,1kB,lafha,,,,,
9KB,testUsr19,Blank,1kB,lafha,,,,,
10B,testUsr20,Blank,1kB,lafha,,,,,
1KB,testUsr21,Blank,1kB,lafha,,,,,
2KB,testUsr22,Blank,1kB,lafha,,,,,
3KB,testUsr23,Blank,1kB,lafha,,,,,
4KB,testUsr24,Blank,1kB,lafha,,,,,
5KB,testUsr25,Blank,1kB,lafha,,,,,
6KB,testUsr26,Blank,1kB,lafha,,,,,
7KB,testUsr27,Blank,1kB,lafha,,,,,
8KB,testUsr28,Blank,1kB,lafha,,,,,
9KB,testUsr29,Blank,1kB,lafha,,,,,
10B,testUsr30,Blank,1kB,lafha,,,,,
1KB,testUsr31,Blank,1kB,lafha,,,,,
2KB,testUsr32,Blank,1kB,lafha,,,,,
3KB,testUsr33,Blank,1kB,lafha,,,,,
4KB,testUsr34,Blank,1kB,lafha,,,,,
5KB,testUsr35,Blank,1kB,lafha,,,,,
6KB,testUsr36,Blank,1kB,lafha,,,,,
7KB,testUsr37,Blank,1kB,lafha,,,,,
8KB,testUsr38,Blank,1kB,lafha,,,,,
9KB,testUsr39,Blank,1kB,lafha,,,,,
10B,testUsr40,Blank,1kB,lafha,,,,,
1KB,testUsr41,Blank,1kB,lafha,,,,,
2KB,testUsr42,Blank,1kB,lafha,,,,,
3KB,testUsr43,Blank,1kB,lafha,,,,,
4KB,testUsr44,Blank,1kB,lafha,,,,,
5KB,testUsr45,Blank,1kB,lafha,,,,,
6KB,testUsr46,Blank,1kB,lafha,,,,,
7KB,testUsr47,Blank,1kB,lafha,,,,,
8KB,testUsr48,Blank,1kB,lafha,,,,,
9KB,testUsr49,Blank,1kB,lafha,,,,,
10B,testUsr50,Blank,1kB,lafha,,,,,
